{
  "map_50_95": 0.4920743405818939,
  "map_50": 0.6715569496154785,
  "map_75": 0.5287082195281982,
  "mar_100": 0.7175247669219971,
  "avg_inference_time_sec_per_image": 0.04269280862808227,
  "fps": 23.423148584846786,
  "num_images": 500,
  "map_per_class": {
    "person": 0.41154754161834717,
    "car": 0.38781556487083435,
    "bus": 0.58636873960495,
    "bicycle": 0.5073045492172241,
    "motorbike": 0.567335307598114
  }
}