{
  "model": "DETR ResNet-50",
  "dataset": "VOC0712 traffic subset 3000/500/1000",
  "train_images": 3000,
  "val_images": 500,
  "test_images": 1000,
  "epochs": 10,
  "batch_size": 4,
  "mAP@0.5_PascalVOC": 0.6900621056556702,
  "mAP@0.5:0.95_COCO": 0.4680921733379364,
  "avg_inference_time_seconds_per_image": 0.04035744428634644,
  "fps": 24.778575989716867,
  "total_parameters": 41502666,
  "trainable_parameters": 41502666,
  "model_size_MB": 158.7875747680664,
  "device": "cuda"
}