class,mAP,precision,recall,num_objects
person,0.3967180848121643,,,
car,0.4719921052455902,,,
bus,0.42357975244522095,,,
bicycle,0.5073281526565552,,,
motorbike,0.5408427715301514,,,
