{
  "model": "Faster R-CNN ResNet50-FPN",
  "dataset": "VOC0712 traffic subset 3000/500/1000",
  "train_images": 3000,
  "val_images": 500,
  "test_images": 1000,
  "epochs": 10,
  "batch_size": 2,
  "mAP@0.5_PascalVOC": 0.8844439387321472,
  "mAP@0.5:0.95_COCO": 0.603941798210144,
  "avg_inference_time_seconds_per_image": 0.11304026865959167,
  "fps": 8.846405018829087,
  "total_parameters": 41319661,
  "trainable_parameters": 41097261,
  "model_size_MB": 158.13,
  "device": "cuda"
}